SUMMARY OUTPUT,,,,,,,,
,,,,,,,,
Regression Statistics,,,,,,,,
Multiple R,0.189663575,,,,,,,
R Square,0.035972272,,,,,,,
Adjusted R Square,0.024134633,,,,,,,
Standard Error,0.366948092,,,,,,,
Observations,1320,,,,,,,
,,,,,,,,
ANOVA,,,,,,,,
,df,SS,MS,F,Significance F,,,
Regression,16,6.546844453,0.409177778,3.038804586,4.77E-05,,,
Residual,1303,175.4501252,0.134650902,,,,,
Total,1319,181.9969697,,,,,,
,,,,,,,,
,Coefficients,Standard Error,t Stat,P-value,Lower 95%,Upper 95%,Lower 95.0%,Upper 95.0%
Intercept,0.443633515,0.133051901,3.334289198,0.000879214,0.182614123,0.704652907,0.182614123,0.704652907
Age,-0.007058877,0.001101682,-6.407366025,2.06E-10,-0.009220141,-0.004897613,-0.009220141,-0.004897613
DailyRate,5.40E-06,2.51E-05,0.214706836,0.830029489,-4.39E-05,5.47E-05,-4.39E-05,5.47E-05
Department,0.000535742,0.018011879,0.029743795,0.976275939,-0.034799716,0.035871199,-0.034799716,0.035871199
DistanceFromHome,-0.001196343,0.001260447,-0.949141804,0.342724497,-0.003669069,0.001276384,-0.003669069,0.001276384
Education,-0.000755284,0.009971421,-0.075744834,0.939633734,-0.020317081,0.018806514,-0.020317081,0.018806514
EnvironmentSatisfaction,0.001076635,0.009263638,0.116221625,0.907494808,-0.017096643,0.019249913,-0.017096643,0.019249913
Gender,0.01177385,0.020612406,0.571202116,0.567961148,-0.028663285,0.052210984,-0.028663285,0.052210984
HourlyRate,-0.000130021,0.000499755,-0.260169889,0.794773835,-0.001110434,0.000850391,-0.001110434,0.000850391
JobLevel,0.035319073,0.030013717,1.176764356,0.239504496,-0.023561426,0.094199572,-0.023561426,0.094199572
JobRole,-0.000273133,0.004774844,-0.057202411,0.954392728,-0.009640356,0.009094091,-0.009640356,0.009094091
JobSatisfaction,-0.003443621,0.009150782,-0.376319881,0.706740366,-0.0213955,0.014508257,-0.0213955,0.014508257
MaritalStatus,-0.013863334,0.012909894,-1.073853399,0.283087214,-0.039189787,0.011463119,-0.039189787,0.011463119
MonthlyIncome,-8.19E-06,7.27E-06,-1.126973743,0.259961078,-2.25E-05,6.07E-06,-2.25E-05,6.07E-06
PercentSalaryHike,-0.001771908,0.004345386,-0.407767587,0.6835113,-0.010296627,0.006752812,-0.010296627,0.006752812
PerformanceRating,0.023794571,0.044324124,0.536831153,0.591475898,-0.063159888,0.11074903,-0.063159888,0.11074903
RelationshipSatisfaction,-0.018764698,0.009378483,-2.000824494,0.045618442,-0.037163276,-0.000366119,-0.037163276,-0.000366119
,,,,,,,,
,,,,,,,,
,,,,,,,,
PROBABILITY OUTPUT,,,,,,,,
,,,,,,,,
Percentile,Attrition,,,,,,,
0.037878788,0,,,,,,,
0.113636364,0,,,,,,,
0.189393939,0,,,,,,,
0.265151515,0,,,,,,,
0.340909091,0,,,,,,,
0.416666667,0,,,,,,,
0.492424242,0,,,,,,,
0.568181818,0,,,,,,,
0.643939394,0,,,,,,,
0.71969697,0,,,,,,,
0.795454545,0,,,,,,,
0.871212121,0,,,,,,,
0.946969697,0,,,,,,,
1.022727273,0,,,,,,,
1.098484848,0,,,,,,,
1.174242424,0,,,,,,,
1.25,0,,,,,,,
1.325757576,0,,,,,,,
1.401515152,0,,,,,,,
1.477272727,0,,,,,,,
1.553030303,0,,,,,,,
1.628787879,0,,,,,,,
1.704545455,0,,,,,,,
1.78030303,0,,,,,,,
1.856060606,0,,,,,,,
1.931818182,0,,,,,,,
2.007575758,0,,,,,,,
2.083333333,0,,,,,,,
2.159090909,0,,,,,,,
2.234848485,0,,,,,,,
2.310606061,0,,,,,,,
2.386363636,0,,,,,,,
2.462121212,0,,,,,,,
2.537878788,0,,,,,,,
2.613636364,0,,,,,,,
2.689393939,0,,,,,,,
2.765151515,0,,,,,,,
2.840909091,0,,,,,,,
2.916666667,0,,,,,,,
2.992424242,0,,,,,,,
3.068181818,0,,,,,,,
3.143939394,0,,,,,,,
3.21969697,0,,,,,,,
3.295454545,0,,,,,,,
3.371212121,0,,,,,,,
3.446969697,0,,,,,,,
3.522727273,0,,,,,,,
3.598484848,0,,,,,,,
3.674242424,0,,,,,,,
3.75,0,,,,,,,
3.825757576,0,,,,,,,
3.901515152,0,,,,,,,
3.977272727,0,,,,,,,
4.053030303,0,,,,,,,
4.128787879,0,,,,,,,
4.204545455,0,,,,,,,
4.28030303,0,,,,,,,
4.356060606,0,,,,,,,
4.431818182,0,,,,,,,
4.507575758,0,,,,,,,
4.583333333,0,,,,,,,
4.659090909,0,,,,,,,
4.734848485,0,,,,,,,
4.810606061,0,,,,,,,
4.886363636,0,,,,,,,
4.962121212,0,,,,,,,
5.037878788,0,,,,,,,
5.113636364,0,,,,,,,
5.189393939,0,,,,,,,
5.265151515,0,,,,,,,
5.340909091,0,,,,,,,
5.416666667,0,,,,,,,
5.492424242,0,,,,,,,
5.568181818,0,,,,,,,
5.643939394,0,,,,,,,
5.71969697,0,,,,,,,
5.795454545,0,,,,,,,
5.871212121,0,,,,,,,
5.946969697,0,,,,,,,
6.022727273,0,,,,,,,
6.098484848,0,,,,,,,
6.174242424,0,,,,,,,
6.25,0,,,,,,,
6.325757576,0,,,,,,,
6.401515152,0,,,,,,,
6.477272727,0,,,,,,,
6.553030303,0,,,,,,,
6.628787879,0,,,,,,,
6.704545455,0,,,,,,,
6.78030303,0,,,,,,,
6.856060606,0,,,,,,,
6.931818182,0,,,,,,,
7.007575758,0,,,,,,,
7.083333333,0,,,,,,,
7.159090909,0,,,,,,,
7.234848485,0,,,,,,,
7.310606061,0,,,,,,,
7.386363636,0,,,,,,,
7.462121212,0,,,,,,,
7.537878788,0,,,,,,,
7.613636364,0,,,,,,,
7.689393939,0,,,,,,,
7.765151515,0,,,,,,,
7.840909091,0,,,,,,,
7.916666667,0,,,,,,,
7.992424242,0,,,,,,,
8.068181818,0,,,,,,,
8.143939394,0,,,,,,,
8.21969697,0,,,,,,,
8.295454545,0,,,,,,,
8.371212121,0,,,,,,,
8.446969697,0,,,,,,,
8.522727273,0,,,,,,,
8.598484848,0,,,,,,,
8.674242424,0,,,,,,,
8.75,0,,,,,,,
8.825757576,0,,,,,,,
8.901515152,0,,,,,,,
8.977272727,0,,,,,,,
9.053030303,0,,,,,,,
9.128787879,0,,,,,,,
9.204545455,0,,,,,,,
9.28030303,0,,,,,,,
9.356060606,0,,,,,,,
9.431818182,0,,,,,,,
9.507575758,0,,,,,,,
9.583333333,0,,,,,,,
9.659090909,0,,,,,,,
9.734848485,0,,,,,,,
9.810606061,0,,,,,,,
9.886363636,0,,,,,,,
9.962121212,0,,,,,,,
10.03787879,0,,,,,,,
10.11363636,0,,,,,,,
10.18939394,0,,,,,,,
10.26515152,0,,,,,,,
10.34090909,0,,,,,,,
10.41666667,0,,,,,,,
10.49242424,0,,,,,,,
10.56818182,0,,,,,,,
10.64393939,0,,,,,,,
10.71969697,0,,,,,,,
10.79545455,0,,,,,,,
10.87121212,0,,,,,,,
10.9469697,0,,,,,,,
11.02272727,0,,,,,,,
11.09848485,0,,,,,,,
11.17424242,0,,,,,,,
11.25,0,,,,,,,
11.32575758,0,,,,,,,
11.40151515,0,,,,,,,
11.47727273,0,,,,,,,
11.5530303,0,,,,,,,
11.62878788,0,,,,,,,
11.70454545,0,,,,,,,
11.78030303,0,,,,,,,
11.85606061,0,,,,,,,
11.93181818,0,,,,,,,
12.00757576,0,,,,,,,
12.08333333,0,,,,,,,
12.15909091,0,,,,,,,
12.23484848,0,,,,,,,
12.31060606,0,,,,,,,
12.38636364,0,,,,,,,
12.46212121,0,,,,,,,
12.53787879,0,,,,,,,
12.61363636,0,,,,,,,
12.68939394,0,,,,,,,
12.76515152,0,,,,,,,
12.84090909,0,,,,,,,
12.91666667,0,,,,,,,
12.99242424,0,,,,,,,
13.06818182,0,,,,,,,
13.14393939,0,,,,,,,
13.21969697,0,,,,,,,
13.29545455,0,,,,,,,
13.37121212,0,,,,,,,
13.4469697,0,,,,,,,
13.52272727,0,,,,,,,
13.59848485,0,,,,,,,
13.67424242,0,,,,,,,
13.75,0,,,,,,,
13.82575758,0,,,,,,,
13.90151515,0,,,,,,,
13.97727273,0,,,,,,,
14.0530303,0,,,,,,,
14.12878788,0,,,,,,,
14.20454545,0,,,,,,,
14.28030303,0,,,,,,,
14.35606061,0,,,,,,,
14.43181818,0,,,,,,,
14.50757576,0,,,,,,,
14.58333333,0,,,,,,,
14.65909091,0,,,,,,,
14.73484848,0,,,,,,,
14.81060606,0,,,,,,,
14.88636364,0,,,,,,,
14.96212121,0,,,,,,,
15.03787879,0,,,,,,,
15.11363636,0,,,,,,,
15.18939394,0,,,,,,,
15.26515152,0,,,,,,,
15.34090909,0,,,,,,,
15.41666667,0,,,,,,,
15.49242424,0,,,,,,,
15.56818182,0,,,,,,,
15.64393939,0,,,,,,,
15.71969697,0,,,,,,,
15.79545455,0,,,,,,,
15.87121212,0,,,,,,,
15.9469697,0,,,,,,,
16.02272727,0,,,,,,,
16.09848485,0,,,,,,,
16.17424242,0,,,,,,,
16.25,0,,,,,,,
16.32575758,0,,,,,,,
16.40151515,0,,,,,,,
16.47727273,0,,,,,,,
16.5530303,0,,,,,,,
16.62878788,0,,,,,,,
16.70454545,0,,,,,,,
16.78030303,0,,,,,,,
16.85606061,0,,,,,,,
16.93181818,0,,,,,,,
17.00757576,0,,,,,,,
17.08333333,0,,,,,,,
17.15909091,0,,,,,,,
17.23484848,0,,,,,,,
17.31060606,0,,,,,,,
17.38636364,0,,,,,,,
17.46212121,0,,,,,,,
17.53787879,0,,,,,,,
17.61363636,0,,,,,,,
17.68939394,0,,,,,,,
17.76515152,0,,,,,,,
17.84090909,0,,,,,,,
17.91666667,0,,,,,,,
17.99242424,0,,,,,,,
18.06818182,0,,,,,,,
18.14393939,0,,,,,,,
18.21969697,0,,,,,,,
18.29545455,0,,,,,,,
18.37121212,0,,,,,,,
18.4469697,0,,,,,,,
18.52272727,0,,,,,,,
18.59848485,0,,,,,,,
18.67424242,0,,,,,,,
18.75,0,,,,,,,
18.82575758,0,,,,,,,
18.90151515,0,,,,,,,
18.97727273,0,,,,,,,
19.0530303,0,,,,,,,
19.12878788,0,,,,,,,
19.20454545,0,,,,,,,
19.28030303,0,,,,,,,
19.35606061,0,,,,,,,
19.43181818,0,,,,,,,
19.50757576,0,,,,,,,
19.58333333,0,,,,,,,
19.65909091,0,,,,,,,
19.73484848,0,,,,,,,
19.81060606,0,,,,,,,
19.88636364,0,,,,,,,
19.96212121,0,,,,,,,
20.03787879,0,,,,,,,
20.11363636,0,,,,,,,
20.18939394,0,,,,,,,
20.26515152,0,,,,,,,
20.34090909,0,,,,,,,
20.41666667,0,,,,,,,
20.49242424,0,,,,,,,
20.56818182,0,,,,,,,
20.64393939,0,,,,,,,
20.71969697,0,,,,,,,
20.79545455,0,,,,,,,
20.87121212,0,,,,,,,
20.9469697,0,,,,,,,
21.02272727,0,,,,,,,
21.09848485,0,,,,,,,
21.17424242,0,,,,,,,
21.25,0,,,,,,,
21.32575758,0,,,,,,,
21.40151515,0,,,,,,,
21.47727273,0,,,,,,,
21.5530303,0,,,,,,,
21.62878788,0,,,,,,,
21.70454545,0,,,,,,,
21.78030303,0,,,,,,,
21.85606061,0,,,,,,,
21.93181818,0,,,,,,,
22.00757576,0,,,,,,,
22.08333333,0,,,,,,,
22.15909091,0,,,,,,,
22.23484848,0,,,,,,,
22.31060606,0,,,,,,,
22.38636364,0,,,,,,,
22.46212121,0,,,,,,,
22.53787879,0,,,,,,,
22.61363636,0,,,,,,,
22.68939394,0,,,,,,,
22.76515152,0,,,,,,,
22.84090909,0,,,,,,,
22.91666667,0,,,,,,,
22.99242424,0,,,,,,,
23.06818182,0,,,,,,,
23.14393939,0,,,,,,,
23.21969697,0,,,,,,,
23.29545455,0,,,,,,,
23.37121212,0,,,,,,,
23.4469697,0,,,,,,,
23.52272727,0,,,,,,,
23.59848485,0,,,,,,,
23.67424242,0,,,,,,,
23.75,0,,,,,,,
23.82575758,0,,,,,,,
23.90151515,0,,,,,,,
23.97727273,0,,,,,,,
24.0530303,0,,,,,,,
24.12878788,0,,,,,,,
24.20454545,0,,,,,,,
24.28030303,0,,,,,,,
24.35606061,0,,,,,,,
24.43181818,0,,,,,,,
24.50757576,0,,,,,,,
24.58333333,0,,,,,,,
24.65909091,0,,,,,,,
24.73484848,0,,,,,,,
24.81060606,0,,,,,,,
24.88636364,0,,,,,,,
24.96212121,0,,,,,,,
25.03787879,0,,,,,,,
25.11363636,0,,,,,,,
25.18939394,0,,,,,,,
25.26515152,0,,,,,,,
25.34090909,0,,,,,,,
25.41666667,0,,,,,,,
25.49242424,0,,,,,,,
25.56818182,0,,,,,,,
25.64393939,0,,,,,,,
25.71969697,0,,,,,,,
25.79545455,0,,,,,,,
25.87121212,0,,,,,,,
25.9469697,0,,,,,,,
26.02272727,0,,,,,,,
26.09848485,0,,,,,,,
26.17424242,0,,,,,,,
26.25,0,,,,,,,
26.32575758,0,,,,,,,
26.40151515,0,,,,,,,
26.47727273,0,,,,,,,
26.5530303,0,,,,,,,
26.62878788,0,,,,,,,
26.70454545,0,,,,,,,
26.78030303,0,,,,,,,
26.85606061,0,,,,,,,
26.93181818,0,,,,,,,
27.00757576,0,,,,,,,
27.08333333,0,,,,,,,
27.15909091,0,,,,,,,
27.23484848,0,,,,,,,
27.31060606,0,,,,,,,
27.38636364,0,,,,,,,
27.46212121,0,,,,,,,
27.53787879,0,,,,,,,
27.61363636,0,,,,,,,
27.68939394,0,,,,,,,
27.76515152,0,,,,,,,
27.84090909,0,,,,,,,
27.91666667,0,,,,,,,
27.99242424,0,,,,,,,
28.06818182,0,,,,,,,
28.14393939,0,,,,,,,
28.21969697,0,,,,,,,
28.29545455,0,,,,,,,
28.37121212,0,,,,,,,
28.4469697,0,,,,,,,
28.52272727,0,,,,,,,
28.59848485,0,,,,,,,
28.67424242,0,,,,,,,
28.75,0,,,,,,,
28.82575758,0,,,,,,,
28.90151515,0,,,,,,,
28.97727273,0,,,,,,,
29.0530303,0,,,,,,,
29.12878788,0,,,,,,,
29.20454545,0,,,,,,,
29.28030303,0,,,,,,,
29.35606061,0,,,,,,,
29.43181818,0,,,,,,,
29.50757576,0,,,,,,,
29.58333333,0,,,,,,,
29.65909091,0,,,,,,,
29.73484848,0,,,,,,,
29.81060606,0,,,,,,,
29.88636364,0,,,,,,,
29.96212121,0,,,,,,,
30.03787879,0,,,,,,,
30.11363636,0,,,,,,,
30.18939394,0,,,,,,,
30.26515152,0,,,,,,,
30.34090909,0,,,,,,,
30.41666667,0,,,,,,,
30.49242424,0,,,,,,,
30.56818182,0,,,,,,,
30.64393939,0,,,,,,,
30.71969697,0,,,,,,,
30.79545455,0,,,,,,,
30.87121212,0,,,,,,,
30.9469697,0,,,,,,,
31.02272727,0,,,,,,,
31.09848485,0,,,,,,,
31.17424242,0,,,,,,,
31.25,0,,,,,,,
31.32575758,0,,,,,,,
31.40151515,0,,,,,,,
31.47727273,0,,,,,,,
31.5530303,0,,,,,,,
31.62878788,0,,,,,,,
31.70454545,0,,,,,,,
31.78030303,0,,,,,,,
31.85606061,0,,,,,,,
31.93181818,0,,,,,,,
32.00757576,0,,,,,,,
32.08333333,0,,,,,,,
32.15909091,0,,,,,,,
32.23484848,0,,,,,,,
32.31060606,0,,,,,,,
32.38636364,0,,,,,,,
32.46212121,0,,,,,,,
32.53787879,0,,,,,,,
32.61363636,0,,,,,,,
32.68939394,0,,,,,,,
32.76515152,0,,,,,,,
32.84090909,0,,,,,,,
32.91666667,0,,,,,,,
32.99242424,0,,,,,,,
33.06818182,0,,,,,,,
33.14393939,0,,,,,,,
33.21969697,0,,,,,,,
33.29545455,0,,,,,,,
33.37121212,0,,,,,,,
33.4469697,0,,,,,,,
33.52272727,0,,,,,,,
33.59848485,0,,,,,,,
33.67424242,0,,,,,,,
33.75,0,,,,,,,
33.82575758,0,,,,,,,
33.90151515,0,,,,,,,
33.97727273,0,,,,,,,
34.0530303,0,,,,,,,
34.12878788,0,,,,,,,
34.20454545,0,,,,,,,
34.28030303,0,,,,,,,
34.35606061,0,,,,,,,
34.43181818,0,,,,,,,
34.50757576,0,,,,,,,
34.58333333,0,,,,,,,
34.65909091,0,,,,,,,
34.73484848,0,,,,,,,
34.81060606,0,,,,,,,
34.88636364,0,,,,,,,
34.96212121,0,,,,,,,
35.03787879,0,,,,,,,
35.11363636,0,,,,,,,
35.18939394,0,,,,,,,
35.26515152,0,,,,,,,
35.34090909,0,,,,,,,
35.41666667,0,,,,,,,
35.49242424,0,,,,,,,
35.56818182,0,,,,,,,
35.64393939,0,,,,,,,
35.71969697,0,,,,,,,
35.79545455,0,,,,,,,
35.87121212,0,,,,,,,
35.9469697,0,,,,,,,
36.02272727,0,,,,,,,
36.09848485,0,,,,,,,
36.17424242,0,,,,,,,
36.25,0,,,,,,,
36.32575758,0,,,,,,,
36.40151515,0,,,,,,,
36.47727273,0,,,,,,,
36.5530303,0,,,,,,,
36.62878788,0,,,,,,,
36.70454545,0,,,,,,,
36.78030303,0,,,,,,,
36.85606061,0,,,,,,,
36.93181818,0,,,,,,,
37.00757576,0,,,,,,,
37.08333333,0,,,,,,,
37.15909091,0,,,,,,,
37.23484848,0,,,,,,,
37.31060606,0,,,,,,,
37.38636364,0,,,,,,,
37.46212121,0,,,,,,,
37.53787879,0,,,,,,,
37.61363636,0,,,,,,,
37.68939394,0,,,,,,,
37.76515152,0,,,,,,,
37.84090909,0,,,,,,,
37.91666667,0,,,,,,,
37.99242424,0,,,,,,,
38.06818182,0,,,,,,,
38.14393939,0,,,,,,,
38.21969697,0,,,,,,,
38.29545455,0,,,,,,,
38.37121212,0,,,,,,,
38.4469697,0,,,,,,,
38.52272727,0,,,,,,,
38.59848485,0,,,,,,,
38.67424242,0,,,,,,,
38.75,0,,,,,,,
38.82575758,0,,,,,,,
38.90151515,0,,,,,,,
38.97727273,0,,,,,,,
39.0530303,0,,,,,,,
39.12878788,0,,,,,,,
39.20454545,0,,,,,,,
39.28030303,0,,,,,,,
39.35606061,0,,,,,,,
39.43181818,0,,,,,,,
39.50757576,0,,,,,,,
39.58333333,0,,,,,,,
39.65909091,0,,,,,,,
39.73484848,0,,,,,,,
39.81060606,0,,,,,,,
39.88636364,0,,,,,,,
39.96212121,0,,,,,,,
40.03787879,0,,,,,,,
40.11363636,0,,,,,,,
40.18939394,0,,,,,,,
40.26515152,0,,,,,,,
40.34090909,0,,,,,,,
40.41666667,0,,,,,,,
40.49242424,0,,,,,,,
40.56818182,0,,,,,,,
40.64393939,0,,,,,,,
40.71969697,0,,,,,,,
40.79545455,0,,,,,,,
40.87121212,0,,,,,,,
40.9469697,0,,,,,,,
41.02272727,0,,,,,,,
41.09848485,0,,,,,,,
41.17424242,0,,,,,,,
41.25,0,,,,,,,
41.32575758,0,,,,,,,
41.40151515,0,,,,,,,
41.47727273,0,,,,,,,
41.5530303,0,,,,,,,
41.62878788,0,,,,,,,
41.70454545,0,,,,,,,
41.78030303,0,,,,,,,
41.85606061,0,,,,,,,
41.93181818,0,,,,,,,
42.00757576,0,,,,,,,
42.08333333,0,,,,,,,
42.15909091,0,,,,,,,
42.23484848,0,,,,,,,
42.31060606,0,,,,,,,
42.38636364,0,,,,,,,
42.46212121,0,,,,,,,
42.53787879,0,,,,,,,
42.61363636,0,,,,,,,
42.68939394,0,,,,,,,
42.76515152,0,,,,,,,
42.84090909,0,,,,,,,
42.91666667,0,,,,,,,
42.99242424,0,,,,,,,
43.06818182,0,,,,,,,
43.14393939,0,,,,,,,
43.21969697,0,,,,,,,
43.29545455,0,,,,,,,
43.37121212,0,,,,,,,
43.4469697,0,,,,,,,
43.52272727,0,,,,,,,
43.59848485,0,,,,,,,
43.67424242,0,,,,,,,
43.75,0,,,,,,,
43.82575758,0,,,,,,,
43.90151515,0,,,,,,,
43.97727273,0,,,,,,,
44.0530303,0,,,,,,,
44.12878788,0,,,,,,,
44.20454545,0,,,,,,,
44.28030303,0,,,,,,,
44.35606061,0,,,,,,,
44.43181818,0,,,,,,,
44.50757576,0,,,,,,,
44.58333333,0,,,,,,,
44.65909091,0,,,,,,,
44.73484848,0,,,,,,,
44.81060606,0,,,,,,,
44.88636364,0,,,,,,,
44.96212121,0,,,,,,,
45.03787879,0,,,,,,,
45.11363636,0,,,,,,,
45.18939394,0,,,,,,,
45.26515152,0,,,,,,,
45.34090909,0,,,,,,,
45.41666667,0,,,,,,,
45.49242424,0,,,,,,,
45.56818182,0,,,,,,,
45.64393939,0,,,,,,,
45.71969697,0,,,,,,,
45.79545455,0,,,,,,,
45.87121212,0,,,,,,,
45.9469697,0,,,,,,,
46.02272727,0,,,,,,,
46.09848485,0,,,,,,,
46.17424242,0,,,,,,,
46.25,0,,,,,,,
46.32575758,0,,,,,,,
46.40151515,0,,,,,,,
46.47727273,0,,,,,,,
46.5530303,0,,,,,,,
46.62878788,0,,,,,,,
46.70454545,0,,,,,,,
46.78030303,0,,,,,,,
46.85606061,0,,,,,,,
46.93181818,0,,,,,,,
47.00757576,0,,,,,,,
47.08333333,0,,,,,,,
47.15909091,0,,,,,,,
47.23484848,0,,,,,,,
47.31060606,0,,,,,,,
47.38636364,0,,,,,,,
47.46212121,0,,,,,,,
47.53787879,0,,,,,,,
47.61363636,0,,,,,,,
47.68939394,0,,,,,,,
47.76515152,0,,,,,,,
47.84090909,0,,,,,,,
47.91666667,0,,,,,,,
47.99242424,0,,,,,,,
48.06818182,0,,,,,,,
48.14393939,0,,,,,,,
48.21969697,0,,,,,,,
48.29545455,0,,,,,,,
48.37121212,0,,,,,,,
48.4469697,0,,,,,,,
48.52272727,0,,,,,,,
48.59848485,0,,,,,,,
48.67424242,0,,,,,,,
48.75,0,,,,,,,
48.82575758,0,,,,,,,
48.90151515,0,,,,,,,
48.97727273,0,,,,,,,
49.0530303,0,,,,,,,
49.12878788,0,,,,,,,
49.20454545,0,,,,,,,
49.28030303,0,,,,,,,
49.35606061,0,,,,,,,
49.43181818,0,,,,,,,
49.50757576,0,,,,,,,
49.58333333,0,,,,,,,
49.65909091,0,,,,,,,
49.73484848,0,,,,,,,
49.81060606,0,,,,,,,
49.88636364,0,,,,,,,
49.96212121,0,,,,,,,
50.03787879,0,,,,,,,
50.11363636,0,,,,,,,
50.18939394,0,,,,,,,
50.26515152,0,,,,,,,
50.34090909,0,,,,,,,
50.41666667,0,,,,,,,
50.49242424,0,,,,,,,
50.56818182,0,,,,,,,
50.64393939,0,,,,,,,
50.71969697,0,,,,,,,
50.79545455,0,,,,,,,
50.87121212,0,,,,,,,
50.9469697,0,,,,,,,
51.02272727,0,,,,,,,
51.09848485,0,,,,,,,
51.17424242,0,,,,,,,
51.25,0,,,,,,,
51.32575758,0,,,,,,,
51.40151515,0,,,,,,,
51.47727273,0,,,,,,,
51.5530303,0,,,,,,,
51.62878788,0,,,,,,,
51.70454545,0,,,,,,,
51.78030303,0,,,,,,,
51.85606061,0,,,,,,,
51.93181818,0,,,,,,,
52.00757576,0,,,,,,,
52.08333333,0,,,,,,,
52.15909091,0,,,,,,,
52.23484848,0,,,,,,,
52.31060606,0,,,,,,,
52.38636364,0,,,,,,,
52.46212121,0,,,,,,,
52.53787879,0,,,,,,,
52.61363636,0,,,,,,,
52.68939394,0,,,,,,,
52.76515152,0,,,,,,,
52.84090909,0,,,,,,,
52.91666667,0,,,,,,,
52.99242424,0,,,,,,,
53.06818182,0,,,,,,,
53.14393939,0,,,,,,,
53.21969697,0,,,,,,,
53.29545455,0,,,,,,,
53.37121212,0,,,,,,,
53.4469697,0,,,,,,,
53.52272727,0,,,,,,,
53.59848485,0,,,,,,,
53.67424242,0,,,,,,,
53.75,0,,,,,,,
53.82575758,0,,,,,,,
53.90151515,0,,,,,,,
53.97727273,0,,,,,,,
54.0530303,0,,,,,,,
54.12878788,0,,,,,,,
54.20454545,0,,,,,,,
54.28030303,0,,,,,,,
54.35606061,0,,,,,,,
54.43181818,0,,,,,,,
54.50757576,0,,,,,,,
54.58333333,0,,,,,,,
54.65909091,0,,,,,,,
54.73484848,0,,,,,,,
54.81060606,0,,,,,,,
54.88636364,0,,,,,,,
54.96212121,0,,,,,,,
55.03787879,0,,,,,,,
55.11363636,0,,,,,,,
55.18939394,0,,,,,,,
55.26515152,0,,,,,,,
55.34090909,0,,,,,,,
55.41666667,0,,,,,,,
55.49242424,0,,,,,,,
55.56818182,0,,,,,,,
55.64393939,0,,,,,,,
55.71969697,0,,,,,,,
55.79545455,0,,,,,,,
55.87121212,0,,,,,,,
55.9469697,0,,,,,,,
56.02272727,0,,,,,,,
56.09848485,0,,,,,,,
56.17424242,0,,,,,,,
56.25,0,,,,,,,
56.32575758,0,,,,,,,
56.40151515,0,,,,,,,
56.47727273,0,,,,,,,
56.5530303,0,,,,,,,
56.62878788,0,,,,,,,
56.70454545,0,,,,,,,
56.78030303,0,,,,,,,
56.85606061,0,,,,,,,
56.93181818,0,,,,,,,
57.00757576,0,,,,,,,
57.08333333,0,,,,,,,
57.15909091,0,,,,,,,
57.23484848,0,,,,,,,
57.31060606,0,,,,,,,
57.38636364,0,,,,,,,
57.46212121,0,,,,,,,
57.53787879,0,,,,,,,
57.61363636,0,,,,,,,
57.68939394,0,,,,,,,
57.76515152,0,,,,,,,
57.84090909,0,,,,,,,
57.91666667,0,,,,,,,
57.99242424,0,,,,,,,
58.06818182,0,,,,,,,
58.14393939,0,,,,,,,
58.21969697,0,,,,,,,
58.29545455,0,,,,,,,
58.37121212,0,,,,,,,
58.4469697,0,,,,,,,
58.52272727,0,,,,,,,
58.59848485,0,,,,,,,
58.67424242,0,,,,,,,
58.75,0,,,,,,,
58.82575758,0,,,,,,,
58.90151515,0,,,,,,,
58.97727273,0,,,,,,,
59.0530303,0,,,,,,,
59.12878788,0,,,,,,,
59.20454545,0,,,,,,,
59.28030303,0,,,,,,,
59.35606061,0,,,,,,,
59.43181818,0,,,,,,,
59.50757576,0,,,,,,,
59.58333333,0,,,,,,,
59.65909091,0,,,,,,,
59.73484848,0,,,,,,,
59.81060606,0,,,,,,,
59.88636364,0,,,,,,,
59.96212121,0,,,,,,,
60.03787879,0,,,,,,,
60.11363636,0,,,,,,,
60.18939394,0,,,,,,,
60.26515152,0,,,,,,,
60.34090909,0,,,,,,,
60.41666667,0,,,,,,,
60.49242424,0,,,,,,,
60.56818182,0,,,,,,,
60.64393939,0,,,,,,,
60.71969697,0,,,,,,,
60.79545455,0,,,,,,,
60.87121212,0,,,,,,,
60.9469697,0,,,,,,,
61.02272727,0,,,,,,,
61.09848485,0,,,,,,,
61.17424242,0,,,,,,,
61.25,0,,,,,,,
61.32575758,0,,,,,,,
61.40151515,0,,,,,,,
61.47727273,0,,,,,,,
61.5530303,0,,,,,,,
61.62878788,0,,,,,,,
61.70454545,0,,,,,,,
61.78030303,0,,,,,,,
61.85606061,0,,,,,,,
61.93181818,0,,,,,,,
62.00757576,0,,,,,,,
62.08333333,0,,,,,,,
62.15909091,0,,,,,,,
62.23484848,0,,,,,,,
62.31060606,0,,,,,,,
62.38636364,0,,,,,,,
62.46212121,0,,,,,,,
62.53787879,0,,,,,,,
62.61363636,0,,,,,,,
62.68939394,0,,,,,,,
62.76515152,0,,,,,,,
62.84090909,0,,,,,,,
62.91666667,0,,,,,,,
62.99242424,0,,,,,,,
63.06818182,0,,,,,,,
63.14393939,0,,,,,,,
63.21969697,0,,,,,,,
63.29545455,0,,,,,,,
63.37121212,0,,,,,,,
63.4469697,0,,,,,,,
63.52272727,0,,,,,,,
63.59848485,0,,,,,,,
63.67424242,0,,,,,,,
63.75,0,,,,,,,
63.82575758,0,,,,,,,
63.90151515,0,,,,,,,
63.97727273,0,,,,,,,
64.0530303,0,,,,,,,
64.12878788,0,,,,,,,
64.20454545,0,,,,,,,
64.28030303,0,,,,,,,
64.35606061,0,,,,,,,
64.43181818,0,,,,,,,
64.50757576,0,,,,,,,
64.58333333,0,,,,,,,
64.65909091,0,,,,,,,
64.73484848,0,,,,,,,
64.81060606,0,,,,,,,
64.88636364,0,,,,,,,
64.96212121,0,,,,,,,
65.03787879,0,,,,,,,
65.11363636,0,,,,,,,
65.18939394,0,,,,,,,
65.26515152,0,,,,,,,
65.34090909,0,,,,,,,
65.41666667,0,,,,,,,
65.49242424,0,,,,,,,
65.56818182,0,,,,,,,
65.64393939,0,,,,,,,
65.71969697,0,,,,,,,
65.79545455,0,,,,,,,
65.87121212,0,,,,,,,
65.9469697,0,,,,,,,
66.02272727,0,,,,,,,
66.09848485,0,,,,,,,
66.17424242,0,,,,,,,
66.25,0,,,,,,,
66.32575758,0,,,,,,,
66.40151515,0,,,,,,,
66.47727273,0,,,,,,,
66.5530303,0,,,,,,,
66.62878788,0,,,,,,,
66.70454545,0,,,,,,,
66.78030303,0,,,,,,,
66.85606061,0,,,,,,,
66.93181818,0,,,,,,,
67.00757576,0,,,,,,,
67.08333333,0,,,,,,,
67.15909091,0,,,,,,,
67.23484848,0,,,,,,,
67.31060606,0,,,,,,,
67.38636364,0,,,,,,,
67.46212121,0,,,,,,,
67.53787879,0,,,,,,,
67.61363636,0,,,,,,,
67.68939394,0,,,,,,,
67.76515152,0,,,,,,,
67.84090909,0,,,,,,,
67.91666667,0,,,,,,,
67.99242424,0,,,,,,,
68.06818182,0,,,,,,,
68.14393939,0,,,,,,,
68.21969697,0,,,,,,,
68.29545455,0,,,,,,,
68.37121212,0,,,,,,,
68.4469697,0,,,,,,,
68.52272727,0,,,,,,,
68.59848485,0,,,,,,,
68.67424242,0,,,,,,,
68.75,0,,,,,,,
68.82575758,0,,,,,,,
68.90151515,0,,,,,,,
68.97727273,0,,,,,,,
69.0530303,0,,,,,,,
69.12878788,0,,,,,,,
69.20454545,0,,,,,,,
69.28030303,0,,,,,,,
69.35606061,0,,,,,,,
69.43181818,0,,,,,,,
69.50757576,0,,,,,,,
69.58333333,0,,,,,,,
69.65909091,0,,,,,,,
69.73484848,0,,,,,,,
69.81060606,0,,,,,,,
69.88636364,0,,,,,,,
69.96212121,0,,,,,,,
70.03787879,0,,,,,,,
70.11363636,0,,,,,,,
70.18939394,0,,,,,,,
70.26515152,0,,,,,,,
70.34090909,0,,,,,,,
70.41666667,0,,,,,,,
70.49242424,0,,,,,,,
70.56818182,0,,,,,,,
70.64393939,0,,,,,,,
70.71969697,0,,,,,,,
70.79545455,0,,,,,,,
70.87121212,0,,,,,,,
70.9469697,0,,,,,,,
71.02272727,0,,,,,,,
71.09848485,0,,,,,,,
71.17424242,0,,,,,,,
71.25,0,,,,,,,
71.32575758,0,,,,,,,
71.40151515,0,,,,,,,
71.47727273,0,,,,,,,
71.5530303,0,,,,,,,
71.62878788,0,,,,,,,
71.70454545,0,,,,,,,
71.78030303,0,,,,,,,
71.85606061,0,,,,,,,
71.93181818,0,,,,,,,
72.00757576,0,,,,,,,
72.08333333,0,,,,,,,
72.15909091,0,,,,,,,
72.23484848,0,,,,,,,
72.31060606,0,,,,,,,
72.38636364,0,,,,,,,
72.46212121,0,,,,,,,
72.53787879,0,,,,,,,
72.61363636,0,,,,,,,
72.68939394,0,,,,,,,
72.76515152,0,,,,,,,
72.84090909,0,,,,,,,
72.91666667,0,,,,,,,
72.99242424,0,,,,,,,
73.06818182,0,,,,,,,
73.14393939,0,,,,,,,
73.21969697,0,,,,,,,
73.29545455,0,,,,,,,
73.37121212,0,,,,,,,
73.4469697,0,,,,,,,
73.52272727,0,,,,,,,
73.59848485,0,,,,,,,
73.67424242,0,,,,,,,
73.75,0,,,,,,,
73.82575758,0,,,,,,,
73.90151515,0,,,,,,,
73.97727273,0,,,,,,,
74.0530303,0,,,,,,,
74.12878788,0,,,,,,,
74.20454545,0,,,,,,,
74.28030303,0,,,,,,,
74.35606061,0,,,,,,,
74.43181818,0,,,,,,,
74.50757576,0,,,,,,,
74.58333333,0,,,,,,,
74.65909091,0,,,,,,,
74.73484848,0,,,,,,,
74.81060606,0,,,,,,,
74.88636364,0,,,,,,,
74.96212121,0,,,,,,,
75.03787879,0,,,,,,,
75.11363636,0,,,,,,,
75.18939394,0,,,,,,,
75.26515152,0,,,,,,,
75.34090909,0,,,,,,,
75.41666667,0,,,,,,,
75.49242424,0,,,,,,,
75.56818182,0,,,,,,,
75.64393939,0,,,,,,,
75.71969697,0,,,,,,,
75.79545455,0,,,,,,,
75.87121212,0,,,,,,,
75.9469697,0,,,,,,,
76.02272727,0,,,,,,,
76.09848485,0,,,,,,,
76.17424242,0,,,,,,,
76.25,0,,,,,,,
76.32575758,0,,,,,,,
76.40151515,0,,,,,,,
76.47727273,0,,,,,,,
76.5530303,0,,,,,,,
76.62878788,0,,,,,,,
76.70454545,0,,,,,,,
76.78030303,0,,,,,,,
76.85606061,0,,,,,,,
76.93181818,0,,,,,,,
77.00757576,0,,,,,,,
77.08333333,0,,,,,,,
77.15909091,0,,,,,,,
77.23484848,0,,,,,,,
77.31060606,0,,,,,,,
77.38636364,0,,,,,,,
77.46212121,0,,,,,,,
77.53787879,0,,,,,,,
77.61363636,0,,,,,,,
77.68939394,0,,,,,,,
77.76515152,0,,,,,,,
77.84090909,0,,,,,,,
77.91666667,0,,,,,,,
77.99242424,0,,,,,,,
78.06818182,0,,,,,,,
78.14393939,0,,,,,,,
78.21969697,0,,,,,,,
78.29545455,0,,,,,,,
78.37121212,0,,,,,,,
78.4469697,0,,,,,,,
78.52272727,0,,,,,,,
78.59848485,0,,,,,,,
78.67424242,0,,,,,,,
78.75,0,,,,,,,
78.82575758,0,,,,,,,
78.90151515,0,,,,,,,
78.97727273,0,,,,,,,
79.0530303,0,,,,,,,
79.12878788,0,,,,,,,
79.20454545,0,,,,,,,
79.28030303,0,,,,,,,
79.35606061,0,,,,,,,
79.43181818,0,,,,,,,
79.50757576,0,,,,,,,
79.58333333,0,,,,,,,
79.65909091,0,,,,,,,
79.73484848,0,,,,,,,
79.81060606,0,,,,,,,
79.88636364,0,,,,,,,
79.96212121,0,,,,,,,
80.03787879,0,,,,,,,
80.11363636,0,,,,,,,
80.18939394,0,,,,,,,
80.26515152,0,,,,,,,
80.34090909,0,,,,,,,
80.41666667,0,,,,,,,
80.49242424,0,,,,,,,
80.56818182,0,,,,,,,
80.64393939,0,,,,,,,
80.71969697,0,,,,,,,
80.79545455,0,,,,,,,
80.87121212,0,,,,,,,
80.9469697,0,,,,,,,
81.02272727,0,,,,,,,
81.09848485,0,,,,,,,
81.17424242,0,,,,,,,
81.25,0,,,,,,,
81.32575758,0,,,,,,,
81.40151515,0,,,,,,,
81.47727273,0,,,,,,,
81.5530303,0,,,,,,,
81.62878788,0,,,,,,,
81.70454545,0,,,,,,,
81.78030303,0,,,,,,,
81.85606061,0,,,,,,,
81.93181818,0,,,,,,,
82.00757576,0,,,,,,,
82.08333333,0,,,,,,,
82.15909091,0,,,,,,,
82.23484848,0,,,,,,,
82.31060606,0,,,,,,,
82.38636364,0,,,,,,,
82.46212121,0,,,,,,,
82.53787879,0,,,,,,,
82.61363636,0,,,,,,,
82.68939394,0,,,,,,,
82.76515152,0,,,,,,,
82.84090909,0,,,,,,,
82.91666667,0,,,,,,,
82.99242424,0,,,,,,,
83.06818182,0,,,,,,,
83.14393939,0,,,,,,,
83.21969697,0,,,,,,,
83.29545455,0,,,,,,,
83.37121212,0,,,,,,,
83.4469697,0,,,,,,,
83.52272727,1,,,,,,,
83.59848485,1,,,,,,,
83.67424242,1,,,,,,,
83.75,1,,,,,,,
83.82575758,1,,,,,,,
83.90151515,1,,,,,,,
83.97727273,1,,,,,,,
84.0530303,1,,,,,,,
84.12878788,1,,,,,,,
84.20454545,1,,,,,,,
84.28030303,1,,,,,,,
84.35606061,1,,,,,,,
84.43181818,1,,,,,,,
84.50757576,1,,,,,,,
84.58333333,1,,,,,,,
84.65909091,1,,,,,,,
84.73484848,1,,,,,,,
84.81060606,1,,,,,,,
84.88636364,1,,,,,,,
84.96212121,1,,,,,,,
85.03787879,1,,,,,,,
85.11363636,1,,,,,,,
85.18939394,1,,,,,,,
85.26515152,1,,,,,,,
85.34090909,1,,,,,,,
85.41666667,1,,,,,,,
85.49242424,1,,,,,,,
85.56818182,1,,,,,,,
85.64393939,1,,,,,,,
85.71969697,1,,,,,,,
85.79545455,1,,,,,,,
85.87121212,1,,,,,,,
85.9469697,1,,,,,,,
86.02272727,1,,,,,,,
86.09848485,1,,,,,,,
86.17424242,1,,,,,,,
86.25,1,,,,,,,
86.32575758,1,,,,,,,
86.40151515,1,,,,,,,
86.47727273,1,,,,,,,
86.5530303,1,,,,,,,
86.62878788,1,,,,,,,
86.70454545,1,,,,,,,
86.78030303,1,,,,,,,
86.85606061,1,,,,,,,
86.93181818,1,,,,,,,
87.00757576,1,,,,,,,
87.08333333,1,,,,,,,
87.15909091,1,,,,,,,
87.23484848,1,,,,,,,
87.31060606,1,,,,,,,
87.38636364,1,,,,,,,
87.46212121,1,,,,,,,
87.53787879,1,,,,,,,
87.61363636,1,,,,,,,
87.68939394,1,,,,,,,
87.76515152,1,,,,,,,
87.84090909,1,,,,,,,
87.91666667,1,,,,,,,
87.99242424,1,,,,,,,
88.06818182,1,,,,,,,
88.14393939,1,,,,,,,
88.21969697,1,,,,,,,
88.29545455,1,,,,,,,
88.37121212,1,,,,,,,
88.4469697,1,,,,,,,
88.52272727,1,,,,,,,
88.59848485,1,,,,,,,
88.67424242,1,,,,,,,
88.75,1,,,,,,,
88.82575758,1,,,,,,,
88.90151515,1,,,,,,,
88.97727273,1,,,,,,,
89.0530303,1,,,,,,,
89.12878788,1,,,,,,,
89.20454545,1,,,,,,,
89.28030303,1,,,,,,,
89.35606061,1,,,,,,,
89.43181818,1,,,,,,,
89.50757576,1,,,,,,,
89.58333333,1,,,,,,,
89.65909091,1,,,,,,,
89.73484848,1,,,,,,,
89.81060606,1,,,,,,,
89.88636364,1,,,,,,,
89.96212121,1,,,,,,,
90.03787879,1,,,,,,,
90.11363636,1,,,,,,,
90.18939394,1,,,,,,,
90.26515152,1,,,,,,,
90.34090909,1,,,,,,,
90.41666667,1,,,,,,,
90.49242424,1,,,,,,,
90.56818182,1,,,,,,,
90.64393939,1,,,,,,,
90.71969697,1,,,,,,,
90.79545455,1,,,,,,,
90.87121212,1,,,,,,,
90.9469697,1,,,,,,,
91.02272727,1,,,,,,,
91.09848485,1,,,,,,,
91.17424242,1,,,,,,,
91.25,1,,,,,,,
91.32575758,1,,,,,,,
91.40151515,1,,,,,,,
91.47727273,1,,,,,,,
91.5530303,1,,,,,,,
91.62878788,1,,,,,,,
91.70454545,1,,,,,,,
91.78030303,1,,,,,,,
91.85606061,1,,,,,,,
91.93181818,1,,,,,,,
92.00757576,1,,,,,,,
92.08333333,1,,,,,,,
92.15909091,1,,,,,,,
92.23484848,1,,,,,,,
92.31060606,1,,,,,,,
92.38636364,1,,,,,,,
92.46212121,1,,,,,,,
92.53787879,1,,,,,,,
92.61363636,1,,,,,,,
92.68939394,1,,,,,,,
92.76515152,1,,,,,,,
92.84090909,1,,,,,,,
92.91666667,1,,,,,,,
92.99242424,1,,,,,,,
93.06818182,1,,,,,,,
93.14393939,1,,,,,,,
93.21969697,1,,,,,,,
93.29545455,1,,,,,,,
93.37121212,1,,,,,,,
93.4469697,1,,,,,,,
93.52272727,1,,,,,,,
93.59848485,1,,,,,,,
93.67424242,1,,,,,,,
93.75,1,,,,,,,
93.82575758,1,,,,,,,
93.90151515,1,,,,,,,
93.97727273,1,,,,,,,
94.0530303,1,,,,,,,
94.12878788,1,,,,,,,
94.20454545,1,,,,,,,
94.28030303,1,,,,,,,
94.35606061,1,,,,,,,
94.43181818,1,,,,,,,
94.50757576,1,,,,,,,
94.58333333,1,,,,,,,
94.65909091,1,,,,,,,
94.73484848,1,,,,,,,
94.81060606,1,,,,,,,
94.88636364,1,,,,,,,
94.96212121,1,,,,,,,
95.03787879,1,,,,,,,
95.11363636,1,,,,,,,
95.18939394,1,,,,,,,
95.26515152,1,,,,,,,
95.34090909,1,,,,,,,
95.41666667,1,,,,,,,
95.49242424,1,,,,,,,
95.56818182,1,,,,,,,
95.64393939,1,,,,,,,
95.71969697,1,,,,,,,
95.79545455,1,,,,,,,
95.87121212,1,,,,,,,
95.9469697,1,,,,,,,
96.02272727,1,,,,,,,
96.09848485,1,,,,,,,
96.17424242,1,,,,,,,
96.25,1,,,,,,,
96.32575758,1,,,,,,,
96.40151515,1,,,,,,,
96.47727273,1,,,,,,,
96.5530303,1,,,,,,,
96.62878788,1,,,,,,,
96.70454545,1,,,,,,,
96.78030303,1,,,,,,,
96.85606061,1,,,,,,,
96.93181818,1,,,,,,,
97.00757576,1,,,,,,,
97.08333333,1,,,,,,,
97.15909091,1,,,,,,,
97.23484848,1,,,,,,,
97.31060606,1,,,,,,,
97.38636364,1,,,,,,,
97.46212121,1,,,,,,,
97.53787879,1,,,,,,,
97.61363636,1,,,,,,,
97.68939394,1,,,,,,,
97.76515152,1,,,,,,,
97.84090909,1,,,,,,,
97.91666667,1,,,,,,,
97.99242424,1,,,,,,,
98.06818182,1,,,,,,,
98.14393939,1,,,,,,,
98.21969697,1,,,,,,,
98.29545455,1,,,,,,,
98.37121212,1,,,,,,,
98.4469697,1,,,,,,,
98.52272727,1,,,,,,,
98.59848485,1,,,,,,,
98.67424242,1,,,,,,,
98.75,1,,,,,,,
98.82575758,1,,,,,,,
98.90151515,1,,,,,,,
98.97727273,1,,,,,,,
99.0530303,1,,,,,,,
99.12878788,1,,,,,,,
99.20454545,1,,,,,,,
99.28030303,1,,,,,,,
99.35606061,1,,,,,,,
99.43181818,1,,,,,,,
99.50757576,1,,,,,,,
99.58333333,1,,,,,,,
99.65909091,1,,,,,,,
99.73484848,1,,,,,,,
99.81060606,1,,,,,,,
99.88636364,1,,,,,,,
99.96212121,1,,,,,,,
